"month","Broad_tail_crash","Lower_tail_CIQ","Residual_coskewness"
"1968-01-01",-0.0358994860332923,0.0587463448721547,-0.0337513377135418
"1968-02-01",0.0100623568924084,0.0544382912707756,-0.0084557150124474
"1968-03-01",0.0201794782007889,-0.0122803565961695,-0.00698604886663769
"1968-04-01",0.00648662879141017,-0.0816323775687236,-0.00568246200959018
"1968-05-01",-0.0213021232712948,-0.0370753485510727,-0.0271200776240133
"1968-06-01",-0.0169847217600532,0.0671472827108132,0.0180326621983382
"1968-07-01",-0.0189570732604056,0.0528873653646863,-0.0037029966441525
"1968-08-01",-0.00841357281223906,-0.00438821128720921,-0.0277205332854387
"1968-09-01",-0.00278414980521019,-0.0348869787248301,-0.0182509290354971
"1968-10-01",-0.00681749585367195,0.0275481479753738,6.62086822817403e-05
"1968-11-01",0.000655295330189801,-0.0227603497546986,0.018306518237025
"1968-12-01",-0.0228175491800281,0.00149391811954558,0.0119189702365921
"1969-01-01",-0.00804299277393515,0.00466875589249729,0.00264102249822247
"1969-02-01",0.0159218578501527,0.0458452152945293,0.00369719509617593
"1969-03-01",0.00579062867847915,-0.00112316046954237,-0.0214239016102586
"1969-04-01",0.00099401977031366,-0.00761447025993162,-0.0100469279966556
"1969-05-01",-0.00643412872746344,0.0083710909054952,0.00231903654073019
"1969-06-01",0.0371944443432017,0.031566638028931,0.0182597226775957
"1969-07-01",0.0184060700368368,0.0514169850882327,0.0052121878034032
"1969-08-01",0.00902346681361966,-0.0444515409580779,-0.0122433281736123
"1969-09-01",0.00213817175764874,0.0102647819169507,-0.0105000020891252
"1969-10-01",-0.00668353449369305,-0.0326382610932746,0.00615513080300427
"1969-11-01",0.00208244780391134,0.0118802048599041,-0.00354065753539784
"1969-12-01",0.00402901643140652,0.0307468051013533,-0.0167286587281165
"1970-01-01",-0.0124321467876887,0.0530127924413406,-0.00700717176485732
"1970-02-01",-0.00305675531788917,0.0200214174650857,0.00186594391047296
"1970-03-01",0.00867007628631236,0.0558012127391642,-0.00956785438863472
"1970-04-01",0.0128221097070234,0.113575735944129,-0.0074767050993458
"1970-05-01",0.00450003670376246,0.0489732932721854,0.0131776595862684
"1970-06-01",-0.0147404295745747,0.0710731644612971,-0.0170228858316371
"1970-07-01",-0.00120702780481027,0.00989273546328549,0.0187748188132116
"1970-08-01",0.00542271637565566,-0.0406283142928247,0.0165365144638351
"1970-09-01",0.0111191669016008,-0.129142083986265,0.0518790522713892
"1970-10-01",-0.00624583547404036,0.0590828295496095,-0.0211533247893226
"1970-11-01",0.00339553178690984,0.0285816132250302,-0.0129894050004449
"1970-12-01",-0.012184059624489,-0.00167154115238901,-0.00196808899516252
"1971-01-01",-0.0140136651900821,-0.059294369950112,-0.00297733572020014
"1971-02-01",-0.011443586468488,-0.0136085115888963,0.0145073547766215
"1971-03-01",0.00862281161560195,-0.0358095032012155,0.0143518511143382
"1971-04-01",0.0206392160721167,-0.0269977543738074,-0.025180583402834
"1971-05-01",0.0057440303377893,0.00896669942218948,-0.000538680098796801
"1971-06-01",0.00490173502913274,-0.000181673806840901,0.009709670292507
"1971-07-01",-0.0134695142737205,0.0314409829966413,-0.00763695559889996
"1971-08-01",0.0231227373006052,-0.0400809669951983,-0.0505075218374452
"1971-09-01",-0.0015474494765543,0.0042173924066347,0.00175427986242937
"1971-10-01",-0.000382414298483738,0.0407558677172912,-0.000208695159087351
"1971-11-01",0.0167580884283776,0.0100399494667986,0.00118174235105436
"1971-12-01",-0.00520843963867236,-0.0429677839201336,-0.00155644031875844
"1972-01-01",-0.00734732978613399,-0.0365121143942494,0.00857197215386172
"1972-02-01",0.000166827968762643,-0.034418351236386,0.00296520275220418
"1972-03-01",0.00219737044722573,0.0130446059383572,-0.0104046458920853
"1972-04-01",0.007611915977919,-0.0137080704908671,-0.00960377343633576
"1972-05-01",0.0111408156720843,0.00935204325275059,0.00946570625651879
"1972-06-01",-0.0018855888953487,0.0186348657204706,0.00816878404919953
"1972-07-01",0.0157934401075386,0.0274103441468465,-0.000559155286542974
"1972-08-01",0.00347631330595639,0.0195359093882922,-0.0118237999538906
"1972-09-01",0.00885903901530545,0.0206125629867633,0.0138140248897331
"1972-10-01",0.0123800851637507,0.0344553303079986,0.00812735974997953
"1972-11-01",-0.0111857727270766,-0.0132329614280017,-0.0336103543283811
"1972-12-01",0.016289696525313,0.00527520194578514,0.0178260297359383
"1973-01-01",0.0115384986883251,0.0558692253678932,0.0266217972494112
"1973-02-01",0.0160578635372637,0.0448986059488529,-0.00697553807170737
"1973-03-01",0.0107149897270165,0.00422263075115224,0.00685644723028164
"1973-04-01",0.0226548606139184,0.0327737039119959,0.00801480771624681
"1973-05-01",0.0307349648532798,0.0259037787802629,0.00811688161993113
"1973-06-01",0.0129702713774004,0.010783371538897,0.00856908425344347
"1973-07-01",-0.0326873678231412,-0.0467108474863201,0.00256283163211367
"1973-08-01",0.0225656807795579,-0.00887106970442279,-0.00107209841919735
"1973-09-01",-0.00785398135825648,-0.0570184168928836,-0.0540560002119022
"1973-10-01",0.0284324758170269,0.0174181409774746,-0.000917882926544492
"1973-11-01",0.0270072836794747,0.0663274217943295,0.0283183357792946
"1973-12-01",0.0467624888436485,-0.0283454593838961,-0.0102016252235522
"1974-01-01",-0.031258070837179,0.00959225874486283,-0.0207581914853228
"1974-02-01",0.00803455934622125,-0.0142030255428669,-0.0320701746339399
"1974-03-01",-0.0145348546876085,0.00601372736236316,0.0316730572451093
"1974-04-01",0.0182829604146376,-0.000583196905204642,0.0124357420436357
"1974-05-01",0.015629375474785,0.0289066576413298,0.03598351798354
"1974-06-01",0.0141744462581483,-0.00109219931675889,-0.000596127857931035
"1974-07-01",0.006149293042757,0.00980991475643536,-0.0236107225852905
"1974-08-01",0.0171690280463321,-0.00381320389176095,0.00102688975413788
"1974-09-01",-0.0234147595269814,-0.00345184803622441,-0.0577953465057133
"1974-10-01",0.0249382726761211,-0.0247456892660889,0.0525271842100409
"1974-11-01",0.00836101937953089,-0.00778348517401188,-0.0279125412190416
"1974-12-01",0.0200697435944883,0.0130771643422267,-0.0283779182834233
"1975-01-01",-0.0956056350589716,-0.0274517080048925,0.147452185586332
"1975-02-01",-0.00500648304093039,0.0378885359622018,0.0608063376355875
"1975-03-01",-0.0192031795872441,-0.067697699690049,0.0258390260332269
"1975-04-01",0.0275576395642551,-0.0255030972685491,0.0253104829999853
"1975-05-01",-0.007941948268488,0.000637119194166779,-0.00841918305970195
"1975-06-01",-0.0019841128715138,-0.0195337767209086,-0.00935217936835937
"1975-07-01",-0.00128411986697713,0.000409178088146718,-0.00924122120199006
"1975-08-01",0.00754230692107749,0.0137792003630045,0.00587753461780145
"1975-09-01",0.0210228287376453,0.000148181572490039,-0.010312784870886
"1975-10-01",-0.00275181178195564,0.0406901395311763,0.0271670151342218
"1975-11-01",0.000540624255816226,0.00678243251475571,0.0188872781546945
"1975-12-01",-0.00099092412246192,-0.013094686434806,-0.0100628527471398
"1976-01-01",7.62691900696714e-05,-0.0901544058898662,0.0311284302802214
"1976-02-01",-0.00828147751587392,-0.0825382812175909,0.0101931109252885
"1976-03-01",0.000710013311152092,0.0129771600174138,0.00491961006555796
"1976-04-01",-0.00306827582571985,0.023964096626187,-0.0168706558344508
"1976-05-01",-0.0106931679216534,0.0162009992094381,-0.0171975824317172
"1976-06-01",0.0034643972324137,-0.0266955052030589,-0.00953152885129386
"1976-07-01",-0.00162238701499038,0.0255311393132155,-0.0184421764995585
"1976-08-01",0.000987252784947446,0.0342977014536592,-0.00771237663706544
"1976-09-01",0.0084843673181875,0.00494017277214472,-0.00608052431506193
"1976-10-01",0.00450578220853836,0.0224209935891623,-0.00814153635473741
"1976-11-01",0.010259914325765,-0.0203329588834541,0.000309670226785608
"1976-12-01",-0.00859332689610726,-0.0328847538891888,-0.0061865578510017
"1977-01-01",-0.000109025399111708,-0.00594622278520873,-0.0179146823654039
"1977-02-01",-0.00321482382233595,0.0175150340941091,0.00403210377995889
"1977-03-01",0.000274377891895313,-0.00215513562405245,-0.0145313137516858
"1977-04-01",0.0157900102417852,0.00749182199653658,-0.00808721860324881
"1977-05-01",0.00468360410115999,0.00144298844593036,0.00490208510855508
"1977-06-01",-0.00212765659474863,-0.0382130702353169,-0.00674283978716491
"1977-07-01",-0.0024120717929288,-0.000139878952299739,0.00250619301857466
"1977-08-01",-0.00441422741747903,-0.00330752198307576,0.0135952061063331
"1977-09-01",0.00738085387196427,0.00454422823472443,0.0036374052540052
"1977-10-01",0.00305383018662717,0.00969252647349203,0.0046703510091998
"1977-11-01",0.000116906177850754,-0.0392070606454372,0.00217204030970277
"1977-12-01",0.00217371918287503,-0.00142711799884326,0.00733272875912571
"1978-01-01",-0.0121021984816395,0.00446057137331579,-0.00976709599248485
"1978-02-01",0.00663975514768126,-0.0145464557271161,0.00712718678245741
"1978-03-01",0.00225175317830431,-0.0420346614289071,0.00493279077321785
"1978-04-01",0.0108358922036229,-0.0469750156320074,0.0176105011398807
"1978-05-01",-0.000832259675039853,-0.0479461029751065,0.01111745302666
"1978-06-01",-0.000391495997984388,0.00878628758049527,0.00688075506413326
"1978-07-01",0.00895929104470291,-0.0319130899157212,0.0121406085137885
"1978-08-01",0.00419552962385671,-0.0446516463705261,0.00878116969715949
"1978-09-01",-0.00863784217968394,0.0393780902193512,-0.00516742296292726
"1978-10-01",0.00906842546853726,0.125683375820572,-0.00742833313756326
"1978-11-01",0.0339950907099257,-0.0495272690513578,0.0196431405636857
"1978-12-01",0.0120542572470251,0.00257618897139556,0.00120728346353428
"1979-01-01",0.0088610665304537,-0.0268449142193224,0.00212167265084799
"1979-02-01",-0.0167462150861706,0.0436477279752123,-0.00785524776439321
"1979-03-01",0.0234538338717634,-0.0519717003622683,0.0207811497603132
"1979-04-01",-0.000606346527384273,-0.0002587879497004,0.0120698904226921
"1979-05-01",-0.0151500956527238,0.0189827580882829,-0.0140404128779556
"1979-06-01",0.00676405637680016,-0.00518079967367247,-0.00669986563327758
"1979-07-01",0.00732976907432484,-0.00249507902251059,-0.00372389744146257
"1979-08-01",0.0183052560910893,-0.0299176823932366,0.0228276386678938
"1979-09-01",-0.0023451410355624,0.0181341569052322,0.00577843861563858
"1979-10-01",-0.00157871594297961,0.0479767692503205,-0.0116969028608215
"1979-11-01",0.0384422425841296,-0.0367479945629705,0.0421669131661748
"1979-12-01",0.00905554664437713,-0.0271732202487626,0.0285012213153803
"1980-01-01",0.0133440991535918,-0.021773468739732,0.0275071113504569
"1980-02-01",0.008261622551945,-0.0053184331658263,-0.00321552295901161
"1980-03-01",-0.0383859366828012,0.0883563731042177,-0.0263997110068476
"1980-04-01",0.0309548976528708,-0.0100889533715326,0.0370508763506228
"1980-05-01",0.000687742056838785,-0.0101898795054406,-3.59574969416133e-05
"1980-06-01",0.0223530014112147,-0.0233795822699065,0.0290075758719637
"1980-07-01",0.00590082640720478,-0.0637739230859121,-0.0347397974092501
"1980-08-01",0.0201328393597119,-0.0608714488936879,0.0308048590354613
"1980-09-01",0.0126765517559869,-0.0229559048333144,0.0310337432776117
"1980-10-01",0.0226413107796456,-0.0408416048607949,0.0412298109188841
"1980-11-01",0.0375617583363172,-0.0987217932613238,0.064449319396094
"1980-12-01",-0.00996702284660535,0.0403384344858147,-0.0290389961003182
"1981-01-01",-0.0315983870506329,0.051470295901406,0.00197414039463063
"1981-02-01",-0.00779015852988664,0.0284046927196941,-0.0143217442201042
"1981-03-01",0.00130633861088396,-0.000964583063802822,0.0164235776868055
"1981-04-01",-0.00744102987247632,0.0286455882928798,0.0221895277140475
"1981-05-01",0.00639796476137341,-0.00779665367424531,0.00672389869526894
"1981-06-01",-0.0187110847619928,0.0292214386681056,0.0189825534948713
"1981-07-01",0.00472327061026481,-0.0325058430563324,-0.00792837601193127
"1981-08-01",-0.0103560855793351,0.0519796407654941,0.0125658506350534
"1981-09-01",-0.00327707689116435,0.069451091077825,-0.0130620373369153
"1981-10-01",0.0311766001121832,-0.0546192887459487,0.0114259469944455
"1981-11-01",-0.0115357647237217,0.0165574159031311,0.00284027657851661
"1981-12-01",-0.00590121092523795,0.016076660853028,0.00460231565994031
"1982-01-01",-0.0135001995226656,0.0421239532881597,-0.0068113346468598
"1982-02-01",-0.0191653567890023,0.0575596031163026,0.0211941184881286
"1982-03-01",-0.00977025756445504,0.0423226907958469,0.0054359072744619
"1982-04-01",0.0106356655639114,-0.0349573208778233,0.00788555443454496
"1982-05-01",-0.00227705301594523,0.0136441510818043,0.0199278918802372
"1982-06-01",6.40967781039235e-06,0.0384656786186557,0.00430148533065058
"1982-07-01",0.00567828961471843,0.0259645809019808,0.0122764762486976
"1982-08-01",0.0101133050129434,-0.000267756106401579,-0.0478718285813174
"1982-09-01",0.006686948747135,0.00380397211888932,0.0484834300257336
"1982-10-01",0.0163593237625116,-0.0530743741409011,-0.0218253220059661
"1982-11-01",0.0243319148428002,-0.0260676874153208,0.0116876412662646
"1982-12-01",-0.00428139425829107,0.0149484283733223,0.0172593027275412
"1983-01-01",-0.0189201257409442,-0.0314304485737395,0.00364583484642154
"1983-02-01",0.0148768760414371,-0.0124687927414526,0.00943459391862117
"1983-03-01",-0.000573999894909351,0.0122529590485369,0.00539651433208945
"1983-04-01",0.0114215302341866,0.00167120508627197,-0.001635410561542
"1983-05-01",-0.0312359946854819,-0.0692264700589402,0.0554775226690112
"1983-06-01",0.00716958745083791,-0.0186976832771961,0.0135089270154032
"1983-07-01",-0.00620873128549901,0.0387834269101916,0.0142587395976568
"1983-08-01",0.00164737746764638,0.0201356430838392,-0.0178146865952166
"1983-09-01",0.015592193411002,0.033526074586143,-0.00265679263631767
"1983-10-01",0.00523995215969562,0.0689087789822843,-0.0100724497014348
"1983-11-01",0.0102961794683768,-0.013173158785381,-0.0122967885542971
"1983-12-01",-0.00467191785585707,0.00925767915396273,0.011383259419705
"1984-01-01",-0.00872870095349733,0.0173176131626938,0.022758093239125
"1984-02-01",-0.00148234460747598,0.00651997609605987,0.015919634285454
"1984-03-01",0.00484961000909213,0.00798375090328098,0.00267807990299965
"1984-04-01",0.0113876238716522,0.0170399300401954,0.00188840864913828
"1984-05-01",-0.00690569364045665,0.0281555671948469,0.013869029028162
"1984-06-01",0.00776621922063257,-0.00308041830822703,-0.000289372090694869
"1984-07-01",0.0314408646804853,0.0388944028885979,-0.0165848246065401
"1984-08-01",-0.00780529952983654,-0.0527616862946537,-0.01759820611729
"1984-09-01",0.00344256628469727,0.0249650720934667,0.0151296503293794
"1984-10-01",0.0231842403154358,0.0366886741909066,-0.0112385638123166
"1984-11-01",0.00974379853500685,0.0314805610960097,0.00171346486010225
"1984-12-01",0.01352913264335,0.00981897743388384,-0.0154319458384702
"1985-01-01",-0.0313293550759819,-0.0673664507795983,-0.00845646808438412
"1985-02-01",-0.0131298207483526,0.00115801013859912,0.0260736613124092
"1985-03-01",0.0183608937113839,0.0167463161824116,0.0174430905047517
"1985-04-01",0.0201230260629888,0.0202957120495313,0.00781948212164832
"1985-05-01",0.0197013048054937,0.00030530564192021,-0.0151374208529694
"1985-06-01",0.0164687177902723,0.00955579619443931,-0.00885178029796274
"1985-07-01",-0.0143901626943905,-0.00892237113209498,-0.00342181360441359
"1985-08-01",0.00953488122759752,0.022818152454042,0.00988136646212535
"1985-09-01",0.0218363382136774,0.0374119758425831,0.00831451708380206
"1985-10-01",0.025979264761748,0.00869941621932892,0.00288315959180847
"1985-11-01",0.00926123476747823,-0.0162146962839673,-0.0017035660637461
"1985-12-01",0.0128995316300626,0.00364436207963623,-0.0159204257652095
"1986-01-01",0.0131962975985237,-0.0047224310398069,-0.0070611199388694
"1986-02-01",0.0270974964643905,-0.0159876690159704,0.00240141564871379
"1986-03-01",0.0208983648583298,0.0179571207684391,0.00117368635620846
"1986-04-01",-0.0180065670163005,-0.0161818812937621,0.0199130593601428
"1986-05-01",0.0184144205741416,0.00697972883054315,0.00950902103595088
"1986-06-01",0.0230095687978204,0.0427208829210043,0.0212986836416904
"1986-07-01",0.0296537090720634,0.0568065893363809,0.00828934022735477
"1986-08-01",0.00529026196838479,0.000594191927307642,-0.0237836805365171
"1986-09-01",-0.0320615879192449,0.01596403108314,0.00319742659289046
"1986-10-01",0.0306950090818663,-0.00267853892446783,0.00948198951521713
"1986-11-01",0.0134031247202137,-0.0100610194707207,-0.00475655379196082
"1986-12-01",0.00421547375908086,0.00673676893645365,0.00797265983988432
"1987-01-01",0.0167123746703519,-0.0414983017791298,-0.0242420721811536
"1987-02-01",0.00143183551991247,-0.0532577675822016,0.0253962106336256
"1987-03-01",-0.0176786281964561,-0.00557287249863962,-0.0283140546088961
"1987-04-01",-0.00449854465322337,-0.00657740636125626,-0.0320750311925691
"1987-05-01",-0.00609288326066764,-0.00226927795779111,0.00246572928870504
"1987-06-01",0.0201326070357817,0.0173499222476429,0.0144391816792123
"1987-07-01",-0.0112659151288022,-0.0154825263205628,1.91125872217471e-05
"1987-08-01",0.0186958965558836,-0.00570893539804317,-0.00868574004731857
"1987-09-01",-0.0144051894397319,0.000905717033315932,0.00213500486050649
"1987-10-01",0.0502902387560271,0.139603855584135,0.0187169155584326
"1987-11-01",-0.0264832319925776,0.0339689456867673,0.0406058333650651
"1987-12-01",0.0418783781871405,-0.0312723140874373,-0.00519997668768766
"1988-01-01",0.00635112237288077,0.0703015849583982,0.0100787888978964
"1988-02-01",0.00198598844866554,-0.0666289472019623,0.0356592538762619
"1988-03-01",-0.0272554261017063,-0.0139239673604892,0.0357866203427103
"1988-04-01",-0.00177975404271612,-0.00996825303625634,-0.000840334752929682
"1988-05-01",0.00663372137889026,0.0320426764425451,-0.00942196981869344
"1988-06-01",0.0175225557521919,-0.0415076319245871,0.0103201173867656
"1988-07-01",-0.0102729308473311,0.0221165691281339,0.00442406547632618
"1988-08-01",-0.00680402805343188,0.0299834454887118,0.00382516394386238
"1988-09-01",0.0166980793427689,0.012113869322282,0.0042353376738702
"1988-10-01",0.0162455786006694,0.0222067603014677,-0.00334557582160298
"1988-11-01",0.0113899516832796,0.00789632771390081,-0.0022230967681105
"1988-12-01",-0.00991084091805931,-0.0388603263703293,-0.00722144286768401
"1989-01-01",0.0133536807333441,-0.0106608782312611,-0.000337310843689446
"1989-02-01",-0.0212024552086936,0.00509775725643045,0.0254716250814501
"1989-03-01",-0.000293361884531838,0.0173437961367981,0.0131700269121024
"1989-04-01",0.0116739961291888,-0.00814152435718012,0.00513843706238627
"1989-05-01",0.0104557011380184,-0.00344217508235283,-0.0153817988587611
"1989-06-01",0.00824541810686515,0.036200599434226,0.00781748823921824
"1989-07-01",0.0455826364177071,0.00277068069773467,-0.00679032567188224
"1989-08-01",0.00175503308955063,-0.0315515665602254,0.00908151045962902
"1989-09-01",0.00526965059615698,0.0225308806620336,-0.0110315726791444
"1989-10-01",0.0128457889380606,0.0318223183255835,-0.0202704763181674
"1989-11-01",0.0166889338765594,-0.00441566832547039,-0.000305104038753329
"1989-12-01",0.00492562394953918,-0.00461857492437303,-0.0143167859804833
"1990-01-01",-0.0142081204558523,0.00800913054033114,0.0122696433836026
"1990-02-01",0.0034824654547373,-0.0196148719124321,0.00357051458638921
"1990-03-01",0.00564146668089584,-0.0214195678280148,-0.00488225370221606
"1990-04-01",0.00815261982169163,0.0027712184004469,0.000641575448179429
"1990-05-01",0.0257918880125846,-0.0254461725508511,-0.0238120882643175
"1990-06-01",0.00988498457946529,0.00666513309855626,-6.51308864531421e-05
"1990-07-01",0.0155938051787185,0.00289909964863542,0.00889333140726221
"1990-08-01",0.014304967914126,0.0299086038292361,-0.00210629153043929
"1990-09-01",0.00898093124012147,0.0515779362760872,-0.00231937071322605
"1990-10-01",0.0473229565064106,0.0479326022561183,-0.0444249584991237
"1990-11-01",0.00919765482884049,-0.0158040059631199,-0.033488063916795
"1990-12-01",0.0160230048020131,-0.0291320920645158,0.00743494619652873
"1991-01-01",0.000839147704036675,-0.00907199916954984,-0.0167769107371062
"1991-02-01",-0.0249608696637437,0.00298870071065194,0.00244612620773686
"1991-03-01",0.00453191016383449,0.0298896561915134,0.00574636317492244
"1991-04-01",-0.0119205184567589,0.001927463219581,0.00344651776460217
"1991-05-01",0.0153137211353408,-0.0273501993094672,0.00727300280712374
"1991-06-01",-0.00445699050833663,0.024090696655992,0.0250692170842309
"1991-07-01",0.016992699247142,-0.00361627000866291,-0.0137875702942621
"1991-08-01",0.00029768836614315,0.00319026684179162,-0.0144071813025162
"1991-09-01",0.000182922397274639,0.0174866179163335,0.00698471042895344
"1991-10-01",0.0076427069212353,-0.0043367608889188,-0.00267185402535531
"1991-11-01",0.000568862589277133,0.029093531249404,-0.000875394732692306
"1991-12-01",0.0581133692473599,-0.0435519330777229,-0.0418171210900257
"1992-01-01",-0.0616081138523556,0.0486041646086406,0.0131531874664079
"1992-02-01",-0.0218396425459493,0.00669095612566796,0.00714751545488914
"1992-03-01",-0.0185796126963725,0.0174569690759342,0.0111246080796427
"1992-04-01",-0.00731795991035902,-0.0070180349639325,-0.000594200686514775
"1992-05-01",0.00052145503503181,0.00383762268981695,0.000753524254467989
"1992-06-01",0.000128054580900463,0.0237464063689107,0.000423800817933658
"1992-07-01",0.00901551069225755,-0.0130749944556424,-0.0153459504865016
"1992-08-01",-0.00136972834786699,-0.00969592449137219,0.0057059542927146
"1992-09-01",0.00606709354874425,-0.00721740182088707,-0.00553123846842752
"1992-10-01",0.0123260896251274,-0.000482897176840207,-0.0149237226082932
"1992-11-01",0.0146056995855856,-0.00706204300336907,-0.000957753764414861
"1992-12-01",-0.000957782370609261,0.0328286901573822,0.0260702391113893
"1993-01-01",-0.0244923909713004,0.0260397828116404,0.0309468269193928
"1993-02-01",-0.0219565950974956,0.0287881105440067,0.0336664694118864
"1993-03-01",0.00274604473680227,0.0078202703516597,0.0115958439081962
"1993-04-01",-0.0163182463639185,0.00767275365819284,0.0237153508086403
"1993-05-01",0.0115725540306953,-0.0215470400289254,-0.00596695562328518
"1993-06-01",0.00330353121912682,0.00506828730858833,0.0157051502855621
"1993-07-01",-0.00421599491123811,0.0186130562172832,0.0266812945877558
"1993-08-01",0.00977911759962903,-0.0136431561348673,0.0047608615440836
"1993-09-01",0.0080246155485106,0.0112450482929632,0.0188473287175174
"1993-10-01",-0.0188189986862444,0.00309760807943033,-0.0118240229509192
"1993-11-01",-0.00230477583668489,-0.0151472131959686,-0.0196388993512904
"1993-12-01",0.0128603206901915,-0.00106602883068929,0.0105572124369611
"1994-01-01",-0.00503304783055183,0.00477862685137872,0.0035328346117368
"1994-02-01",-0.00169436299288069,8.31484785691437e-05,0.00755705297921847
"1994-03-01",0.00155580296589289,0.0182858990290058,0.00298978292993302
"1994-04-01",0.0109305045857186,-0.0123013442775781,0.00665760310579023
"1994-05-01",0.00154795695963605,-0.0147899475243472,-0.013079731136797
"1994-06-01",-0.0163111847655143,0.0213204183682328,0.00591879419905374
"1994-07-01",0.0101493640413311,-0.00326254825701381,0.00420539999810444
"1994-08-01",0.0053029763078533,-0.024271880796658,-0.0226468769591204
"1994-09-01",-0.00420380912255457,0.0108035117192063,-0.000578874593522066
"1994-10-01",-0.000882886686360143,-0.0239455328420287,-0.00451710936189958
"1994-11-01",0.00236869938419081,-0.00811955769278,-0.0276426391212664
"1994-12-01",0.0129116782700725,-0.00710397465040282,0.0167992909786603
"1995-01-01",0.00378560082569707,0.0026810441009295,-0.0275204118170872
"1995-02-01",0.0113550785011751,-0.018506796342001,0.0157091381224188
"1995-03-01",0.00101269265200098,-0.00646683754154937,-0.00472191148120694
"1995-04-01",0.00110702896237385,-0.0094884099565617,-0.00449376603295114
"1995-05-01",0.0131243068914148,0.00129724193352466,0.00350377163034611
"1995-06-01",0.00240074254836264,-0.0255336429653805,0.00644628964214259
"1995-07-01",0.00674234800705838,-0.0266556037433713,0.00927355799133487
"1995-08-01",0.00199609897395865,0.00410932013135816,0.00822678716111322
"1995-09-01",0.013820555775834,0.000971000274871852,-0.0231083296256792
"1995-10-01",0.0144558127327562,0.00152798067521623,-0.0101069388212053
"1995-11-01",0.00756047994462176,0.00132680995238725,-0.0111584947364612
"1995-12-01",-0.00556918192590761,0.0423716402026875,-0.00124962006957845
"1996-01-01",-0.000299341809958953,0.00826897797920436,-0.00583580062890761
"1996-02-01",0.00697552285994188,-0.0210322698693838,0.0115518468623004
"1996-03-01",-0.00943383971222714,0.0188107870582206,0.0191688739359191
"1996-04-01",-0.00610524897674363,-0.018147711394389,0.0234090219729381
"1996-05-01",-0.0105724838694555,0.0106890306041065,-0.0133501929618949
"1996-06-01",0.0201270469554464,0.0312679111267045,-0.0169777934069085
"1996-07-01",0.00603671687484428,0.0161800268536523,-0.000448534667229319
"1996-08-01",-0.00161765815862943,-0.00603650053234824,0.0167545742772329
"1996-09-01",0.0247999947699051,-0.0158546454054924,-0.0138359626664611
"1996-10-01",0.00554244500287791,0.010343450231833,0.00920289721586399
"1996-11-01",0.0168152642752105,-0.0323044603721246,-0.00619641751002447
"1996-12-01",0.00114861341921252,0.00351103094795801,0.00295711334286906
"1997-01-01",0.0159008124172775,0.0027655464035983,-0.00997372161365219
"1997-02-01",0.025607418257425,0.0473983059216224,0.00196996232725735
"1997-03-01",-0.00119765573878658,0.0162425376612822,0.00462605029225286
"1997-04-01",0.0367140589038787,0.00538977919367719,-0.0284331764926908
"1997-05-01",-0.0152625032637147,-0.0124430885318866,0.0143575803243253
"1997-06-01",0.00461705818776373,0.0146911947202599,0.000776328496968334
"1997-07-01",0.0148207443815144,-0.0369441706799208,-0.024252848632015
"1997-08-01",-0.0367163265671734,-0.00438699485653716,0.00115479578842783
"1997-09-01",-0.00180605913162904,0.021758422621451,0.00265237271385975
"1997-10-01",0.00305531073341454,0.0411971179938183,0.0327356028307339
"1997-11-01",0.0112193409059246,0.0145277381126514,0.0146010744117703
"1997-12-01",0.00897953761495407,0.0142503754502361,0.0189774284888353
"1998-01-01",0.00431856266747376,0.0148415489841201,-0.00857378693889795
"1998-02-01",0.0137222321386849,0.00845207678079192,-0.0184186665023497
"1998-03-01",-0.00478051355805717,0.00929429223787495,0.0302735598240901
"1998-04-01",-0.0044395219611733,0.00747869675340555,-0.0200037623838994
"1998-05-01",0.00349936047529849,0.0139615372302729,0.00982312456906628
"1998-06-01",0.0223421105173404,-0.0241597106397674,0.00615098563206045
"1998-07-01",0.00864556591630693,-0.00291411556002614,-0.0076688760577095
"1998-08-01",0.0150468766034573,-0.00253237721340693,0.0233000679851853
"1998-09-01",0.0346159953538063,-0.0127855334748468,0.00573580288850198
"1998-10-01",0.0321753968501888,0.0621182383693398,0.0526073609518192
"1998-11-01",0.0192486284598701,0.0294211275630193,0.0282929394453511
"1998-12-01",0.0342851415938059,-0.0449520517300139,-0.0308875831613983
"1999-01-01",0.0197171753554548,0.0162395943755159,0.00386585147926919
"1999-02-01",-0.000787872553733873,0.0339799577007564,0.0284539863956768
"1999-03-01",0.0380820471528594,-0.0349122861103185,-0.00476287520873831
"1999-04-01",-0.0212918844786405,0.0314046316010118,0.0250421159853375
"1999-05-01",-0.0223180267888113,0.00939227568918667,-0.0265141409768
"1999-06-01",0.0107334548511983,-0.00240697290329538,-0.0267708181854806
"1999-07-01",-0.0176570648797012,-0.00566947755751679,-0.0154912499883248
"1999-08-01",0.0109502026602037,-0.0278818992964532,-0.0237301511161408
"1999-09-01",0.00833168801680656,-0.029091671309399,-0.0297946451181592
"1999-10-01",0.0315545845985346,-0.0189853041377243,0.0200524750287808
"1999-11-01",-0.0169274467781307,-0.00560245810227998,-0.019336371725739
"1999-12-01",-0.0270472353661912,-0.0885653776198,-0.0400483492021189
"2000-01-01",-0.0245854901839214,0.0459505396277537,0.0334969779543635
"2000-02-01",-0.0866636825445334,0.0276254594408907,-0.108373779252323
"2000-03-01",0.0864958470251316,0.0247096510678378,0.00947497963542491
"2000-04-01",0.0595409003997672,0.0459964303655574,0.00375313635588892
"2000-05-01",-0.0148301034245034,0.0112890188992028,0.0642825621312455
"2000-06-01",0.0187715831079004,-0.0738921140862175,-0.0429817841864191
"2000-07-01",0.00743750920185963,0.0453714558394205,0.0450294023441761
"2000-08-01",-0.00586586477551214,-0.0454255156867356,-0.00790829787333792
"2000-09-01",-0.0360164746719748,0.00597669652265871,0.0461742830923806
"2000-10-01",-0.0108860148146259,0.0463148391829324,0.0218155170666872
"2000-11-01",-0.0123591459492746,0.0641999380621888,0.0636902471609533
"2000-12-01",-0.0163061029806529,0.019419272506395,0.0368829773980109
"2001-01-01",0.0178044880797778,0.0175586682519911,-0.0163355708123431
"2001-02-01",-0.0382426101777377,0.0877791702248545,0.035081219656832
"2001-03-01",-0.0169712176121428,0.0574969184857426,0.00289945637114979
"2001-04-01",0.0113365895537733,-0.0391461994021482,-0.021309746958866
"2001-05-01",-0.0139375893404497,0.010969395697295,0.0161189151873211
"2001-06-01",0.00269077490516502,0.0115977654041771,-0.0044701948314496
"2001-07-01",-0.00763214875489639,0.0543590803460754,0.0110479211460233
"2001-08-01",-0.0229962615824048,0.0440481529376649,0.00225973260266701
"2001-09-01",-0.0130859001869325,0.0135152083161326,0.00590135078487302
"2001-10-01",-0.00754782960694807,-0.0226366100049636,-0.0199657962800585
"2001-11-01",0.0421451746937785,0.014489421197197,-0.000786868178093604
"2001-12-01",-0.00951247844489059,0.0216989719782374,0.000210987334436144
"2002-01-01",0.0150263257841167,0.0449944312590347,-0.00100492512191508
"2002-02-01",0.0084977412306826,0.033213917194479,0.00530527932649318
"2002-03-01",-0.0139193180384062,0.0147635950129863,0.0118218674905276
"2002-04-01",-0.0111949719652907,0.0659687515730115,0.0456445579671993
"2002-05-01",0.0123648514679206,0.033362425959566,0.0180497354513252
"2002-06-01",0.0190222843233834,0.0217790196187608,0.0181041343707447
"2002-07-01",0.0166858896691599,-0.00549644165326434,0.0138506421286912
"2002-08-01",0.000641970073880585,0.0100652033865568,0.00820787464489279
"2002-09-01",0.0140281113125768,0.00827070703472596,0.0435639640656282
"2002-10-01",-0.00695479807564787,-0.0537337359477191,-0.0386982486403055
"2002-11-01",-0.0593878312920715,-0.0230752554849696,-0.0418399542027277
"2002-12-01",0.0202491500632546,0.0334688037460919,0.0445644310555858
"2003-01-01",-0.0135076470969303,0.00210736157928702,0.0225438795423906
"2003-02-01",0.00547691484948932,-0.017595209296652,0.00135757043696549
"2003-03-01",-0.00367615408886237,-0.00754660095947431,-0.00971244663742172
"2003-04-01",-0.00750002803759216,-0.00416038501306175,-0.0241224355455613
"2003-05-01",-0.0502435108298237,-0.0287095452574646,-0.00899997891438594
"2003-06-01",-0.0110258389572237,0.027173040059288,0.00643362336311743
"2003-07-01",-0.00257836405727959,0.00756723762905764,0.0158554908255905
"2003-08-01",-0.015792203523446,-0.00276344441276384,-0.0167684124417934
"2003-09-01",-0.00694719300603693,-0.0018448870132169,-0.00697812477975988
"2003-10-01",0.00903572224205161,0.00343190115182242,0.0266943780822396
"2003-11-01",-0.00799407133275464,0.0130820916302946,0.0184860999494771
"2003-12-01",-0.00313117871757397,0.00684209720010183,-0.0112732265569256
"2004-01-01",-0.0196316610605743,-0.0102992475111097,0.0198678525054011
"2004-02-01",-0.0175347412218482,0.021331126252136,-0.00471034993357875
"2004-03-01",-0.0134247402911522,0.0182288527684419,0.00494143092221001
"2004-04-01",-0.0158562001297306,0.0120838037639766,-0.0147862185666295
"2004-05-01",0.0125545445584338,-0.00105622829496697,0.00435703657814243
"2004-06-01",0.00442220523501392,0.0151621417474174,0.00251029764113389
"2004-07-01",0.00514577938212635,0.026217264177976,-0.0124638364069288
"2004-08-01",0.0105935726827446,0.0018824842032785,-0.00459456792068671
"2004-09-01",-0.00970651205965944,0.00982399527362768,0.006895581588206
"2004-10-01",0.00587831917351442,0.00480543449777939,0.00325244114422534
"2004-11-01",-0.00824916923886253,0.0123039112489283,0.00170230277215179
"2004-12-01",-0.0154320680168162,-0.00762568302768921,-0.00433722626972128
"2005-01-01",-0.00733011651631166,0.0130605050191247,0.0122490457178299
"2005-02-01",-0.0139090349528661,0.0117088465371813,0.00706651040832517
"2005-03-01",0.000991788154019141,0.00875103210844524,0.00285529428676967
"2005-04-01",0.00452009532408014,-0.0106946594962344,0.00176070920073058
"2005-05-01",-0.00435857069423917,-0.0135176863850992,-0.0103120580591409
"2005-06-01",-0.00984845980496475,0.00367107210158715,0.0123492630644047
"2005-07-01",-0.00206752621175005,-0.0210408962528424,-0.0159842001417985
"2005-08-01",-0.00729353763035022,-0.0164383746592582,0.0115062006021799
"2005-09-01",0.000979210005080078,-0.0124515440238215,0.011059596981668
"2005-10-01",0.00273838750365144,0.00921702317050493,-0.0122357800632448
"2005-11-01",-0.0037301332056184,-0.0241913203348977,-0.00310238124137463
"2005-12-01",-0.00782636274174585,0.0130767232738075,0.0075104159860602
"2006-01-01",0.00524417469717503,-0.0226939515034483,0.012945626942292
"2006-02-01",-0.00954769352028684,0.00734903794863356,-0.0110658165950794
"2006-03-01",0.00107018051292271,-0.0140445514681262,0.005005638503062
"2006-04-01",0.000763300756545531,5.772351912572e-05,0.022428061374924
"2006-05-01",0.00926739203823541,0.0313931592695734,0.0168477495616214
"2006-06-01",0.0106140444636678,0.00995655729628001,0.00820098320255164
"2006-07-01",0.00793637235533949,0.0431607132920635,0.0227662382082455
"2006-08-01",-0.00251261709363446,-0.028438614729785,-0.0299606928977305
"2006-09-01",-0.000615891389114228,-0.00368824575678062,-0.0226814097392819
"2006-10-01",0.00651845737830046,-0.00699067594992038,-0.00920425188075171
"2006-11-01",-0.00368687786228435,-0.0139989721426062,0.00906726081992441
"2006-12-01",0.00459248407531593,0.0174007012109286,0.00214357494288731
"2007-01-01",-0.0033812522336888,-0.00258857847986423,0.00414287575894858
"2007-02-01",-0.0101395820897371,0.000969112585555631,0.0101350329057501
"2007-03-01",0.00465847575339424,-0.00740480344397909,0.0209370460605832
"2007-04-01",0.00257262211792426,-0.000332087451251363,0.00622742432181939
"2007-05-01",0.00696987069969515,-0.00868096513237493,0.00609496338657676
"2007-06-01",-2.68881333618529e-05,-0.007872208806217,0.0042525377945999
"2007-07-01",-0.00313860650812096,-0.0174536539964642,0.00762483493252335
"2007-08-01",0.0130854634356874,0.00676166404594943,-0.0046871670858721
"2007-09-01",-0.00449013272971411,-0.0249189329772265,0.0151427499542036
"2007-10-01",0.00828640460778173,-0.0240464784881846,0.0188919797510553
"2007-11-01",0.00588000394067983,0.0251595250615403,-0.000625870558620639
"2007-12-01",-0.00618170036289282,-0.0426538724528073,0.0144582232795909
"2008-01-01",0.0079541007317179,0.0707271365855073,-0.0141822055548134
"2008-02-01",-0.0230482865845777,-0.0348837685094213,0.0480615946138472
"2008-03-01",0.0144347107735404,-0.00454168508295894,-0.0129359421970517
"2008-04-01",0.00520973745554918,-0.0504249488388417,0.00549330380257985
"2008-05-01",-0.0164550534229152,-0.0411229272656418,0.010522810504642
"2008-06-01",-0.00793558922817585,-0.0673414263990304,0.0214194134183683
"2008-07-01",-0.0178320598803895,0.100184334700275,0.057894072568619
"2008-08-01",0.00442752754408675,0.0287516807752908,0.021409277741846
"2008-09-01",0.0122890700359225,0.0991576477514195,0.0785140088885372
"2008-10-01",-0.0112739900683373,0.0280549035048835,-0.0101994271565741
"2008-11-01",0.0141784668967496,0.000900815441622639,-0.0339220950477772
"2008-12-01",-0.00130057456715045,0.0540026546635804,0.0164448896978064
"2009-01-01",-0.0368355990707396,-0.0603284346586401,-0.0328381198289131
"2009-02-01",-0.000425110458559567,0.0230886168685987,-0.0341642209740815
"2009-03-01",-0.0102313286015346,0.0364167931765638,0.0112186278570922
"2009-04-01",0.0105011674912213,0.0987911649611342,0.0710060029271847
"2009-05-01",-0.00234883899324719,0.0107650958922262,0.0558487959116706
"2009-06-01",-0.0210193141012978,0.00607263082924434,0.0139200652047584
"2009-07-01",0.0245748206537493,0.0643228272536473,-0.051605497415446
"2009-08-01",0.0173347320098994,0.0435241454381471,-0.0238891437225991
"2009-09-01",0.0104944636689501,0.0118774653192677,-0.00157757522526369
"2009-10-01",-0.00100963757550882,-0.0523965366821689,0.0340587259761909
"2009-11-01",0.0168456291569077,0.0104960338286772,-0.0106147030353209
"2009-12-01",0.00641542995346201,-0.00224359716409089,-0.0153377730317833
"2010-01-01",-0.0328792110594052,0.0198497722138518,0.000229527450951955
"2010-02-01",0.0154254266936131,0.00362855759327624,-0.0284899001852562
"2010-03-01",0.0125476397395144,0.0425354649435418,-0.0225614573347319
"2010-04-01",0.00482739808232096,0.0155451632097406,-0.0374021090558638
"2010-05-01",-0.0131439532602231,0.00326816564301025,0.00884486353373091
"2010-06-01",-0.0184474928116168,-0.0225178696015777,0.039858970587746
"2010-07-01",0.0291261289410328,0.00505051613583345,-0.0271625545126204
"2010-08-01",-0.0237207808145366,-0.0179181208354845,0.0338325737670177
"2010-09-01",0.0293444904118345,0.029060149013916,-0.0217997804470855
"2010-10-01",0.011923624381486,-0.00567846909434878,-0.00764446981312113
"2010-11-01",0.0168142508204415,-0.00166184250923404,-0.0183889045514594
"2010-12-01",0.0109256646242222,-0.0257783873302354,-0.0043951363694105
"2011-01-01",-0.00204656873579452,0.00836479510076578,0.00490445817550324
"2011-02-01",0.00842818640191659,0.000962593945540578,0.00406252693901658
"2011-03-01",0.00254197479501848,-0.00264046962862708,0.00419449137406216
"2011-04-01",0.00383032954813862,0.00852543372159046,0.011262847609978
"2011-05-01",-0.0190087793249819,0.0018419236070769,0.0118697767544314
"2011-06-01",0.00278702397530316,0.00825312287418684,0.014371407831057
"2011-07-01",-0.017541714816224,-0.00951909402185446,0.0132222875572732
"2011-08-01",-0.0215088112156872,-0.0221510942704528,0.0366818211818438
"2011-09-01",-0.0451197501167023,-0.0180009769753188,0.0186802811843831
"2011-10-01",0.0848034927940751,0.00740153567745123,-0.039107647289656
"2011-11-01",-0.00791909456925166,-0.00927376735818902,0.0152492022516153
"2011-12-01",-0.0106220210559765,0.00597743012779093,0.00485204464552749
"2012-01-01",0.0248193817375995,-0.00596076399509017,-0.0436894751435342
"2012-02-01",0.00510274249124678,0.0213794472070258,-0.00240681463343095
"2012-03-01",0.00302000858481286,0.0204665327702871,-0.0136082089220619
"2012-04-01",-0.0187114360118838,-0.00170889799015825,0.0109987743062754
"2012-05-01",-0.0212219944902311,0.00677061569915098,0.02747347783933
"2012-06-01",-0.00284821321710062,-0.0140154318543919,-0.00143839723668989
"2012-07-01",0.00314043451557885,-0.00244847652064547,0.0143491958641545
"2012-08-01",0.00873909238177562,0.0275252921150737,-0.0191227534438566
"2012-09-01",0.00192398760167733,-0.004018502943764,0.00221171227615381
"2012-10-01",0.00819466376274495,0.00736874511768978,0.00782622354968146
"2012-11-01",-0.00198917044472813,0.00620584743476066,-0.0149403073948331
"2012-12-01",0.0167972778991286,0.0184479814289233,-0.0202647649090054
"2013-01-01",0.000441116969226076,0.0200868671209728,0.00238770462314084
"2013-02-01",0.00550610331269108,-0.000427445769227232,0.0122225381830991
"2013-03-01",0.00441091646394535,0.0151644906813829,0.0191569774314832
"2013-04-01",-0.00238880719123952,0.00604455238427078,0.0108977082335225
"2013-05-01",0.0148969909814203,0.00540441081559592,-0.044907965388851
"2013-06-01",-0.00448677002652004,0.0112797758643612,0.0131221404506908
"2013-07-01",-0.0100031486898821,-0.00976262553093261,-0.0103648529205674
"2013-08-01",-0.0200422455352483,0.00637205482948475,0.00968148796008032
"2013-09-01",0.0121068146743585,0.0024066443301341,-0.00911265510217714
"2013-10-01",0.00959555137054533,0.0160156222741421,0.00867580395149563
"2013-11-01",0.0028969459990015,-0.00085996645941611,0.0103202075037008
"2013-12-01",0.00350935537650767,-0.00510870492770395,-0.0113088873156563
"2014-01-01",-0.0131163453495616,0.00852626972548369,0.0221660309877239
"2014-02-01",0.00127994347907334,-0.0206389090309222,-0.00777676139011278
"2014-03-01",-0.0102950086374612,0.0040481705562235,-0.000258629070329111
"2014-04-01",-0.00820638738626675,-0.00363556393703328,0.000558690180123772
"2014-05-01",0.00981350699166522,-0.00667670919406988,-0.00071700672858713
"2014-06-01",-0.00332631817789764,-0.00419240595058665,-0.00288904734342247
"2014-07-01",-0.00912433595107138,-0.0103659253212293,0.00128179721564215
"2014-08-01",0.000782980714769025,-0.00255018854574603,-0.003841075508637
"2014-09-01",0.00818009721012605,-0.00194545920464442,0.0122433913918408
"2014-10-01",0.0132143091312412,0.0286722840041217,-0.0139298638746135
"2014-11-01",0.00152307468936277,0.0127443421586031,-0.0122687325368863
"2014-12-01",0.0116863423189207,-0.00200301768815027,-0.00117653080824297
"2015-01-01",-0.0242149967911452,0.000155501276681502,0.000789212396655915
"2015-02-01",0.00729182513881047,0.0113160679358539,-0.000231963213457875
"2015-03-01",0.0142880321860726,-0.00428738750371082,0.00261468117973642
"2015-04-01",-0.0201917011742785,-0.00972051937328584,-0.00353088908928471
"2015-05-01",0.00571344641315698,0.0167054938335025,0.00697681408921395
"2015-06-01",0.0167990069883552,0.00750697115823725,0.0200750722001244
"2015-07-01",0.033411083262401,0.00660968254967143,0.0147907173165888
"2015-08-01",-0.00347445942958429,0.00288485091984384,-0.000610534499632188
"2015-09-01",0.0225065998929986,0.000336870181292372,0.00961260278398127
"2015-10-01",0.00973528492575885,0.00735837351238983,-0.00446768551460955
"2015-11-01",0.00584937563694758,0.00572200363761279,-0.0016009543237258
"2015-12-01",0.00980898060850336,0.0315519600668666,0.0268021786664713
"2016-01-01",0.0133679968266351,0.0200096616062145,-0.0133917521229809
"2016-02-01",-0.0195737569705396,0.0193824578375985,-0.0186199511027043
"2016-03-01",-0.0181930130495847,-0.0170004173787702,-0.020304381661188
"2016-04-01",-0.00735128673346769,-0.017758374734146,0.00299523334505591
"2016-05-01",0.00932496684842546,0.00190954866185022,0.00228873477330366
"2016-06-01",-0.0181648683818468,-0.00299698443246199,-0.0215995068119947
"2016-07-01",-0.00610987585552961,0.0107559980577631,0.00288517012647145
"2016-08-01",0.00712709620719504,0.0344578881478799,0.0114454722946837
"2016-09-01",-0.0127820703945622,-0.014103768151717,-0.00405760144743226
"2016-10-01",0.0229964025647728,-0.0141868460846631,0.00668833174946138
"2016-11-01",0.0335523055031256,0.0542887340505347,0.0325116918252801
"2016-12-01",0.017644201806935,-0.0019485904150363,0.00718822809467669
"2017-01-01",-0.00691428299219091,-0.00801657446617685,0.0118500318227964
"2017-02-01",-0.00583438059269388,0.0269192191570014,0.01716794131646
"2017-03-01",-0.000558835069786111,-0.00647472020359383,-0.00756581194048577
"2017-04-01",0.00693533820761347,0.000382715985711916,0.0102664454792102
"2017-05-01",0.00557690245478548,0.000856521926078264,0.00439626805645437
"2017-06-01",-0.00903349120805745,0.0285689628218803,0.01498853466669
"2017-07-01",0.0136994736202135,-0.00973621503431852,-0.00324695597449513
"2017-08-01",0.0137002068809518,-0.0105057606345991,0.0137790865059054
"2017-09-01",-0.00984392961815111,0.0284098170843294,-0.00870399475259432
"2017-10-01",0.0330409091459242,-0.00663441274591079,0.0146362428538259
"2017-11-01",-0.0116647610519989,0.0129954253816702,0.00730953503196209
"2017-12-01",-0.0156827156039485,0.0093492117896236,-0.00885786699708617
"2018-01-01",0.014249606633565,0.0225949324672603,0.0203125728955843
"2018-02-01",0.0151665820980671,0.0185373027566805,0.0108525341164826
"2018-03-01",-0.0142776804467148,-0.000546767791639993,-0.00506107208461855
"2018-04-01",-0.00517305367891029,0.00460671877187136,-0.0137920287105627
"2018-05-01",-0.00369034003438781,0.00707670191863699,-0.0125586722898249
"2018-06-01",-0.0122431313472012,-0.00936961383466056,-0.00515494897272192
"2018-07-01",0.0137013567934524,-0.00407690473821945,0.0039903402943363
"2018-08-01",-0.00365935689075957,0.0360469463823575,0.0202263309806646
"2018-09-01",-0.00480438762829857,-0.0297170636488586,-0.00974589850362609
"2018-10-01",-0.00104524120152238,-0.0277564961525195,0.00427826446437727
"2018-11-01",0.00423898411567934,0.0161096642617664,0.0171941328204721
"2018-12-01",0.0145040126786122,-0.016404299170133,-0.00151771563629502
"2019-01-01",-0.0132982161361513,0.0312173577228891,0.033649127091069
"2019-02-01",-0.00403913655145343,0.0196752741622549,0.0115555499044407
"2019-03-01",0.00100661889875702,-0.0144643681347018,-0.00421978233804914
"2019-04-01",0.0295812134182011,-0.0019105943667837,-0.0122436904174939
"2019-05-01",0.0141549501314058,-0.00723877995011356,0.0101770789637682
"2019-06-01",0.00778974440054451,0.00608344963141455,-0.000763702188214814
"2019-07-01",0.0169469127754763,-0.00548058679535627,-0.00963298915717471
"2019-08-01",-0.00040563431040464,-0.00624445714032579,-0.00362304236530907
"2019-09-01",0.0145636370469216,0.019251691897114,0.0058196539258308
"2019-10-01",0.00902748450621558,0.0128875509308564,0.007625578093363
"2019-11-01",-0.00131130949069366,0.0282755988058747,0.0131601189276768
"2019-12-01",-0.00849214741897962,-0.0215690693903502,0.00267495091038733
"2020-01-01",-0.00822741395521127,-0.0151005077838847,0.011092626191058
"2020-02-01",-0.0198723149818831,0.0158951745908414,0.00392678898312491
"2020-03-01",0.0101730796029155,-0.050849986563178,0.0163523613050572
"2020-04-01",0.00674772219902461,0.0994298532191372,0.0380036116163765
"2020-05-01",-0.0116706812056659,0.0241103112651891,-0.0152430855443496
"2020-06-01",-0.0223142368478606,0.0444266703163232,-0.0291669615334144
"2020-07-01",-0.0242905674376257,-0.0100681877282522,-0.0659755781387245
"2020-08-01",0.0222393022128277,0.0588473225570367,0.0220937224294996
"2020-09-01",-0.0140100419190818,-0.00921451508880136,0.00880472811049439
"2020-10-01",0.011127501488262,0.00763408729944777,0.0400799049788231
"2020-11-01",-0.0124559822486117,0.130408942592316,0.0637139759094472
"2020-12-01",-0.00143565120632528,0.00199602975740355,0.0039639972420731
"2021-01-01",-0.115921973687753,0.0205401568446889,-0.0898620095609899
"2021-02-01",0.0119360097173489,0.0628880905174075,0.0390257035082566
"2021-03-01",0.039137302129584,-0.0233888150152705,0.042589405223446
"2021-04-01",0.0308141667824202,0.00426462586389614,0.0139281578771931
"2021-05-01",-0.00375079206825208,-0.00825185410702178,0.0201892187806993
"2021-06-01",-0.0366086141096298,-0.0142535083476525,-0.0624714286028184
"2021-07-01",0.0527506376596684,-0.0023526290235551,0.0156258541423117
"2021-08-01",-0.00512249351838165,0.0140883060561923,0.00664839111258189
"2021-09-01",-0.0045575576319001,0.030662936331101,0.00569198180334402
"2021-10-01",0.0282241274146334,-0.034331460357605,-0.00457849377310172
"2021-11-01",0.0396235075524817,-0.0409607005432329,0.000190206474018917
"2021-12-01",0.0521026643790297,0.0341495077392079,0.0402367245448497
"2022-01-01",0.049341240888743,0.0213160848727234,0.0339267532367869
"2022-02-01",-0.00794078015794371,0.00423759591873831,0.00609885222642865
"2022-03-01",-0.0141357855986288,-0.0616683982648624,-0.0340549422658189
"2022-04-01",0.0159696110035706,0.0346690244378657,0.0386271313348593
"2022-05-01",0.00733943149299033,-0.00135342442519032,0.0230070623885066
"2022-06-01",0.0127264548619764,-0.0221898573721379,-0.00388186829168731
"2022-07-01",0.0180550532825702,-0.0390618866033246,-0.0164570863861879
"2022-08-01",-0.032195919528826,-0.00470891546883667,-0.00100350648248456
"2022-09-01",0.0130876705431884,0.00788690546450006,0.00618056049610367
"2022-10-01",0.0156149401948137,0.0572202058285191,0.0187599526840396
"2022-11-01",0.0339054018975489,0.0237201668004343,0.0220334526136562
"2022-12-01",0.0169767348310156,0.0553720393334638,0.0175147113222336
"2023-01-01",-0.0155527491581621,-0.0276444881171095,-0.0161327995689616
"2023-02-01",0.0142292461967764,-0.00742761661575944,-0.00066436290193394
"2023-03-01",0.0635666241568963,-0.0229085731393852,-0.0400878729532408
"2023-04-01",0.0166156243252502,0.0192961575875548,0.0208176127602428
"2023-05-01",0.0197430058941768,-0.0700288109869583,0.00239577892025484
"2023-06-01",0.0132298467250127,-0.0229302588151066,-0.0141667811786722
"2023-07-01",-0.00745197422254277,0.00211969643724036,0.00430453615782125
"2023-08-01",0.0210529066619528,-0.0040617017299934,0.00451064878961866
"2023-09-01",0.00190085537358348,-0.00672067485935258,-0.000608547604302209
"2023-10-01",0.0272288086581768,0.00747794963071675,0.0132155856457043
"2023-11-01",0.0172300737508492,0.0124458960694121,0.0114355591991416
"2023-12-01",-0.0239012399983457,0.0330154222610043,0.00236453082083985
"2024-01-01",0.0463745939632699,-0.00968830617367416,0.0231288038345558
"2024-02-01",0.00518853219708832,-0.0186410096843659,-0.00141190931734188
"2024-03-01",0.00868941448016325,-0.0110580656575632,0.0325481221203288
"2024-04-01",0.00419039458148682,0.00271328252962118,0.0244533397841265
"2024-05-01",-0.0038353858438996,-0.0474171630830751,0.035535134171362
"2024-06-01",0.031416866137476,-0.0342458828752255,0.00788652061534637
"2024-07-01",-0.00786803681139384,0.0251372860074878,-0.00601748892391169
"2024-08-01",0.0273140316558149,0.00375332604813123,0.00188434717674452
"2024-09-01",0.0135589491643915,-0.014531398091684,-0.0030593942305867
"2024-10-01",0.0142674517546296,-0.0165536661305651,0.0230380400525946
"2024-11-01",0.00679369007208272,-0.0078105542056899,-0.0286494432190283
"2024-12-01",0.0195219685104326,-0.0228244472687827,0.0100517312556272
